{"cameraMode":{"drawMode":0,"name":"Shaded","section":"Shading Mode"},"sceneLighting":true,"audioPlay":false,"sceneViewState":{"m_AlwaysRefresh":false,"showFog":true,"showSkybox":true,"showFlares":true,"showImageEffects":true,"showParticleSystems":true,"showVisualEffectGraphs":true,"m_FxEnabled":true},"in2DMode":false,"pivot":{"x":-12.164360046386719,"y":3.538888931274414,"z":84.39212036132813},"rotation":{"x":-0.07878167182207108,"y":-0.05887563154101372,"z":0.004685418214648962,"w":-0.9951688647270203},"size":36.353546142578128,"orthographic":true}