{"cameraMode":{"drawMode":0,"name":"Shaded","section":"Shading Mode"},"sceneLighting":true,"audioPlay":false,"sceneViewState":{"m_AlwaysRefresh":false,"showFog":true,"showSkybox":true,"showFlares":true,"showImageEffects":true,"showParticleSystems":true,"showVisualEffectGraphs":true,"m_FxEnabled":true},"in2DMode":false,"pivot":{"x":14.100086212158204,"y":99.67805480957031,"z":-131.20419311523438},"rotation":{"x":-0.2805585563182831,"y":-0.027914056554436685,"z":0.008189811371266842,"w":-0.9593936800956726},"size":16.910306930541993,"orthographic":true}