{"cameraMode":{"drawMode":0,"name":"Shaded","section":"Shading Mode"},"sceneLighting":true,"audioPlay":false,"sceneViewState":{"m_AlwaysRefresh":false,"showFog":true,"showSkybox":true,"showFlares":true,"showImageEffects":true,"showParticleSystems":true,"showVisualEffectGraphs":true,"m_FxEnabled":true},"in2DMode":false,"pivot":{"x":32.64361572265625,"y":-12.669078826904297,"z":35.188690185546878},"rotation":{"x":-0.2107657641172409,"y":-0.03575849160552025,"z":0.007741262204945087,"w":-0.9768611192703247},"size":12.806070327758789,"orthographic":true}