{"cameraMode":{"drawMode":0,"name":"Shaded","section":"Shading Mode"},"sceneLighting":false,"audioPlay":false,"sceneViewState":{"m_AlwaysRefresh":false,"showFog":true,"showSkybox":false,"showFlares":true,"showImageEffects":true,"showParticleSystems":true,"showVisualEffectGraphs":true,"m_FxEnabled":true},"in2DMode":false,"pivot":{"x":19.26709747314453,"y":46.53138732910156,"z":-168.1781768798828},"rotation":{"x":-0.0943634882569313,"y":-0.002086654072627425,"z":0.0001910055143525824,"w":-0.9955769181251526},"size":11.479060173034668,"orthographic":false}