{"cameraMode":{"drawMode":0,"name":"Shaded","section":"Shading Mode"},"sceneLighting":false,"audioPlay":false,"sceneViewState":{"m_AlwaysRefresh":false,"showFog":true,"showSkybox":false,"showFlares":true,"showImageEffects":true,"showParticleSystems":true,"showVisualEffectGraphs":true,"m_FxEnabled":true},"in2DMode":false,"pivot":{"x":-71.61863708496094,"y":-10.055729866027832,"z":-4.935455322265625},"rotation":{"x":-0.07044030725955963,"y":-0.011068354360759259,"z":0.0007755972910672426,"w":-0.9974932074546814},"size":13.7592191696167,"orthographic":false}